observation_date,3M_treasury_bill,10_yr_yield,Building_permits,Capacity_Utilization,Core_CPI,Credit_Spread_AAA,Credit_Spread_BAA,Disposable_Income,Employment,FedFunds,Housing_price_index,HOUST,Industrial_production,M1REAL,M2REAL,Nonfarm_Payrolls,Personal_Consumption,PPI,Real_GDP,Unemployment_Rate,CPI
1980-01-01 00:00:00,13.35,11.99,1156,84.0291,81.1,12.14,13.48,5197.725,99862,15.05,103.74,1246,52.0066,491.1,1888.4,90892,4534.348,90.442,7341.557,6.3,82.84975
1980-04-01 00:00:00,9.62,10.48,929,80.0143,81.1,11.2,13.36,5197.725,99078.25,12.69,103.74,1058,49.7923,472.3,1853.8,90457,4520.97325,90.442,7269.2955,7.3,82.84975
1980-07-01 00:00:00,9.15,10.95,1370,78.2504,81.4,11.58,13.17,5200.4,99078.25,9.84,104.43,1392,48.9737,479.8,1874.6,90051,4520.97325,91.167,7269.2955,7.7,83.233
1980-10-01 00:00:00,13.61,12.42,1333,80.7608,83.933,12.83,14.67,5270,99499,15.85,104.57,1505,50.8642,478.5,1862.3,90727,4541.39,93.267,7315.677,7.4,85.567
1981-01-01 00:00:00,14.39,12.96,1201,80.3862,85.9,13.16,15.25,5260.6,100239,16.57,105.07,1366,50.9827,472,1850.75,91116,4556.603,96.1,7459.022,7.4,87.933
1981-04-01 00:00:00,14.52,13.75,1113,80.0311,87.8,13.98,15.77,5265,100801,16.8225,107.34,1182,51.1392,474.3,1854.4,91356,4556.934,98.267,7403.745,7.4,89.767
1981-07-01 00:00:00,14.52,14.14,890,80.1772,90.767,14.695,16.48,5377.6,100482,16.8225,108.87,964,51.6211,463,1850.75,91548,4578.013,98.933,7492.405,7.4,92.267
1981-10-01 00:00:00,11.75,14.09,758,77.8036,92.533,14.62,16.68,5381.6,100077,13.59,107.52,873,50.4539,463,1853.3,91149,4546.699,98.833,7410.768,8.2,93.767
1982-01-01 00:00:00,12.81,14.14,831,75.7182,93.667,14.695,16.705,5394.4,99709,14.23,106.14,880,49.4215,467.7,1878.6,90521,4580.19,99.7,7295.631,8.8,94.6
1982-04-01 00:00:00,12.42,13.93,918,74.3826,95.4,14.51,16.705,5428,99745,14.51,108.61,948,48.8149,465.9,1891.4,90041,4594.142,99.8,7328.912,9.4,95.967
1982-07-01 00:00:00,9.32,13.12,1004,73.0266,97,13.75,16.25,5455.8,99543,11.01,106.85,1119,48.1272,463.1,1889.7,89356,4624.939,100.233,7300.896,9.9,97.633
1982-10-01 00:00:00,7.91,10.67,1243,71.452,97.333,11.88,14.39,5475.8,99120,9.29,111.54,1283,48.03465,480.2,1926.3,89266.75,4705.953,100.333,7303.817,10.475,97.933
1983-01-01 00:00:00,8.11,10.56,1457,72.1412,97.933,11.84,13.83,5530.6,99143,8.65,114.33,1630,48.03465,493.9,2031.1,89266.75,4752.481,100.367,7400.066,10.4,98
1983-04-01 00:00:00,8.4,10.54,1668,73.6833,98.9,11.57,13.25,5570.2,99945,8.8,115.79,1660,48.826,503.4,2059.6,89676,4849.254,100.733,7568.456,10.1,99.133
1983-07-01 00:00:00,9.14,11.63,1698,76.1145,100.133,12.34,13.53,5653,101611,9.46,116.81,1802,50.4923,509.9,2071.9,90604,4936.211,101.7,7719.746,9.4,100.1
1983-10-01 00:00:00,8.8,11.69,1670,77.9427,101.433,12.41,13.61,5775.8,102588,9.43,117.54,1729,51.8093,513.6,2088.7,91875,5014.874,102.2,7880.794,8.5,101.1
1984-01-01 00:00:00,9.17,11.94,1843,79.9779,102.833,12.28,13.74,5886.2,103664,9.69,119.28,1940,53.3411,514.9,2103.9,93086,5056.492,103.333,8034.847,7.9,102.533
1984-04-01 00:00:00,9.8,13.2,1777,80.8345,104.1,13.21,14.7,5981.3,105040,10.56,120.9,1823,54.1713,519.1,2129.1,94123,5127.332,104.033,8173.67,7.4,103.5
1984-07-01 00:00:00,10.32,12.87,1553,80.8866,105.4,12.99,14.71,6059.3,105363,11.39,122.03,1672,54.5357,518.8,2138.6,95055,5165.357,103.8,8252.465,7.4,104.4
1984-10-01 00:00:00,8.8,11.74,1586,80.3721,106.467,12.35,13.61,6109.4,105944,9.27,123.03,1630,54.5687,520,2167.4,95906,5232.266,103.533,8320.199,7.3,105.3
1985-01-01 00:00:00,8.18,11.58,1683,80.0461,107.633,12.26,13.39,6094.9,106615,8.48,124.73,1714,54.76,529.2,2212.2,96572,5321.159,103.267,8400.82,7.2,106.267
1985-04-01 00:00:00,7.46,10.81,1696,79.4801,108.767,11.63,13.02,6216.4,106791,7.92,126.63,1726,54.7901,537.1,2231.1,97270,5370.011,103.367,8474.787,7.3,107.233
1985-07-01 00:00:00,7.11,10.34,1807,78.8058,109.733,11.03,12.47,6199.3,107186,7.9,128.6,1701,54.7119,552.5,2264.4,97844,5472.014,102.667,8604.22,7.2,107.9
1985-10-01 00:00:00,7.17,9.76,1743,78.7885,111,10.58,11.98,6267.4,108023,8.1,130.06,1825,55.0245,562.6,2274.6,98428,5483.866,103.3,8668.188,7,109
1986-01-01 00:00:00,6.9,8.56,1798,78.9106,112.2,9.57,11.02,6352.2,108735,7.83,132.57,1899,55.3558,572,2296.4,98838,5531.807,101.733,8749.127,7,109.567
1986-04-01 00:00:00,6.14,7.6,1815,78.1747,113.133,9,10.27,6432,109206,6.92,135.35,1878,55.0215,597.2,2368.6,99175,5592.08,99.833,8788.524,7.2,109.033
1986-07-01 00:00:00,5.52,7.31,1731,78.2478,114.2,8.83,10.18,6468,109970,6.21,137.42,1759,55.2378,618.8,2412.9,99665,5690.971,99.367,8872.601,7,109.7
1986-10-01 00:00:00,5.35,7.26,1741,78.8403,115.3,8.68,10.09,6468.8,110492,6.27,139.54,1712,55.8578,641.2,2449.2,100313,5725.812,99.733,8920.193,6.8,110.467
1987-01-01 00:00:00,5.54,7.19,1694,79.5204,116.233,8.37,9.66,6516.6,111206,6.22,142.3,1761,56.6085,654.4,2458.3,100920,5731.226,100.9,8986.367,6.6,111.8
1987-04-01 00:00:00,5.66,8.34,1541,80.462,117.633,9.17,10.36,6449,112158,6.65,144.52,1612,57.611,658.3,2451.4,101709,5809.376,102.5,9083.256,6.3,113.067
1987-07-01 00:00:00,6.04,8.88,1514,81.494,118.733,9.76,10.91,6565,112867,6.84,146.19,1625,58.6948,652.1,2440.7,102438,5875.641,103.667,9162.024,6,114.267
1987-10-01 00:00:00,5.86,9.12,1416,83.0275,120.1,10.21,11.38,6659.7,113527,6.92,147.13,1524,60.0877,653.1,2445.1,103390,5888.065,104.167,9319.332,5.8,115.333
1988-01-01 00:00:00,5.72,8.42,1402,83.5437,121.267,9.56,10.75,6769.3,114093,6.66,149.41,1425,60.6493,652.6,2468.7,104152,5992.101,104.767,9367.502,5.7,116.233
1988-04-01 00:00:00,6.21,8.91,1453,84.1398,122.733,9.81,10.98,6846.8,114623,7.16,152.42,1491,61.1799,657.3,2488,105007,6036.355,106.5,9490.594,5.5,117.567
1988-07-01 00:00:00,7.01,9.1,1445,84.3545,124.1,9.96,11.07,6916.3,115233,7.98,154,1484,61.4066,657.8,2480.7,105746,6090.001,108,9546.206,5.5,119
1988-10-01 00:00:00,7.73,8.96,1508,84.7851,125.6,9.51,10.51,6982.3,115947,8.47,155.4,1551,61.838,652.5,2475.4,106597,6159.246,108.5,9673.405,5.3,120.3
1989-01-01 00:00:00,8.54,9.21,1354,84.78575,126.933,9.69,10.64,7057.7,116835,9.44,157.25,1489,62.1254,644.6,2461.3,107403,6187.816,110.933,9771.725,5.2,121.667
1989-04-01 00:00:00,8.41,8.77,1360,84.1482,128.3,9.49,10.37,7034.6,117205,9.73,159.38,1356,61.8906,627.6,2438.8,107910,6216.695,112.8,9846.293,5.2,123.633
1989-07-01 00:00:00,7.84,8.11,1310,83.0986,129.533,8.97,9.89,7080.9,117494,9.08,162.78,1346,61.5089,625.5,2466.4,108186,6276.877,112.4,9919.228,5.2,124.6
1989-10-01 00:00:00,7.65,7.91,1377,82.8359,131.1,8.89,9.81,7141.8,117774,8.61,164.12,1337,61.7479,627,2489.3,108688,6304.157,112.833,9938.767,5.4,125.867
1990-01-01 00:00:00,7.76,8.42,1441,82.8631,132.767,9.19,10.1,7198.9,119114,8.25,165.05,1426,62.2062,623.5,2482.7,109424,6357.213,114.5,10047.386,5.3,128.033
1990-04-01 00:00:00,7.75,8.68,1104,82.8926,134.5,9.4,10.31,7252.2,118995,8.24,165.74,1212,62.6333,623.6,2479,109784,6376.579,114.333,10083.855,5.3,129.3
1990-07-01 00:00:00,7.48,8.7,1041,82.7607,136.5,9.4,10.42,7253.2,118712,8.16,166.76,1132,62.8761,619.9,2463.6,109648,6401.841,116.467,10090.569,5.7,131.533
1990-10-01 00:00:00,6.99,8.4,909,81.1365,138.067,9.29,10.6,7195.1,118361,7.74,166.1,1043,61.9028,614.7,2440.5,109256,6353.139,119.867,9998.704,6.1,133.767
1991-01-01 00:00:00,6.02,8.02,850,79.3341,140.067,8.93,10.2,7217.2,117782,6.43,167.49,895,60.718,618,2452.2,108787,6329.249,117.467,9951.916,6.6,134.767
1991-04-01 00:00:00,5.56,8.13,957,79.551,141.333,8.91,9.92,7271.4,117729,5.86,168.6,1011,61.0384,626.7,2465.5,108311,6381.703,116.3,10029.51,6.8,135.567
1991-07-01 00:00:00,5.38,7.94,964,80.4458,142.867,8.79,9.68,7299.3,117660,5.64,168.93,1042,61.8933,634,2456.3,108308,6413.521,116.133,10080.195,6.9,136.6
1991-10-01 00:00:00,4.54,7.35,1012,80.3142,144.2,8.45,9.4,7356.7,117679,4.82,171.28,1087,62.0193,644.4,2443.8,108330,6410.312,116.233,10115.329,7.1,137.733
1992-01-01 00:00:00,3.89,7.3,1102,79.769,145.467,8.28,9.2,7498.6,117958,4.02,172.61,1241,61.9268,666.4,2448.3,108348,6530.335,115.9,10236.435,7.4,138.667
1992-04-01 00:00:00,3.68,7.38,1056,80.6882,146.733,8.28,9.13,7568.9,118407,3.77,172.56,1153,63.0458,679.6,2431.2,108623,6574.665,117.167,10347.429,7.6,139.733
1992-07-01 00:00:00,3.08,6.62,1093,80.7853,147.867,7.98,8.7,7601.8,118753,3.26,174.54,1184,63.5497,692.4,2415.5,108887,6645.14,117.867,10449.673,7.6,140.8
1992-10-01 00:00:00,3.07,6.74,1142,81.1108,149.2,8.02,8.87,7635.3,118834,3.04,175.42,1228,64.1975,714.4,2411.4,109308,6724.342,117.833,10558.648,7.4,142.033
1993-01-01 00:00:00,2.96,6.28,1127,81.4367,150.5,7.73,8.4,7664.5,119297,3.04,175.49,1168,64.7863,722.8,2387.1,109947,6750.123,118.367,10576.275,7.1,143.067
1993-04-01 00:00:00,2.97,5.99,1115,81.2488,151.767,7.41,8.14,7688.4,119960,3,177.17,1266,64.9147,737.6,2380.4,110538,6811.522,119.5,10637.847,7.1,144.1
1993-07-01 00:00:00,3,5.62,1218,81.217,152.667,6.89,7.62,7694.7,120626,3.06,178.61,1299,65.1679,755.9,2380.8,111234,6887.329,118.867,10688.606,6.8,144.767
1993-10-01 00:00:00,3.06,5.61,1368,82.0506,153.867,6.84,7.55,7748.1,121152,2.99,180.07,1434,66.1821,768.8,2375.3,112015,6947.788,118.9,10833.987,6.6,145.967
1994-01-01 00:00:00,3.24,6.07,1334,82.5017,154.867,7.16,7.85,7798.6,121994,3.21,181.19,1391,66.9881,774.4,2370.1,112876,7027.255,119.367,10939.116,6.6,146.7
1994-04-01 00:00:00,3.99,7.08,1382,83.3348,155.933,7.95,8.6,7876.4,122596,3.94,182.26,1467,68.2156,774.9,2361.4,113917,7081.931,120.033,11087.361,6.2,147.533
1994-07-01 00:00:00,4.48,7.33,1375,83.6331,157.1,8.17,8.84,7922.8,123245,4.49,183.02,1454,69.0975,773,2341.6,114919,7135.93,120.967,11152.176,6,148.9
1994-10-01 00:00:00,5.28,7.84,1378,84.5083,158.1,8.57,9.21,8036.2,124450,5.17,182.86,1472,70.5131,768.3,2327.6,115833,7213.079,121.433,11279.932,5.6,149.767
1995-01-01 00:00:00,5.74,7.48,1254,84.541,159.433,8.28,8.88,8104.1,124849,5.81,183.82,1324,71.2592,761.3,2314,116702,7231.032,123.433,11319.951,5.5,150.867
1995-04-01 00:00:00,5.6,6.62,1278,83.9403,160.733,7.66,8.23,8126.5,124629,6.02,186.84,1287,71.5003,753.6,2316.9,117134,7294.424,124.933,11353.721,5.7,152.1
1995-07-01 00:00:00,5.37,6.32,1387,83.8138,161.8,7.43,8.05,8200.1,124934,5.8,189.72,1415,72.2038,748.6,2345.9,117634,7360.529,125.2,11450.31,5.7,152.867
1995-10-01 00:00:00,5.26,5.89,1424,83.4628,162.933,6.99,7.64,8246.7,125221,5.72,191.19,1417,72.7983,737.1,2355.8,118172,7411.873,125.467,11528.067,5.6,153.7
1996-01-01 00:00:00,4.93,5.91,1415,82.9068,164.033,7.05,7.71,8323.4,125542,5.36,193.32,1461,73.2909,723.2,2363.8,118682,7480.231,126.3,11614.418,5.5,155.067
1996-04-01 00:00:00,5.02,6.72,1450,83.5281,165,7.61,8.3,8398.6,126280,5.24,193.63,1496,74.8777,715.4,2372.1,119475,7560.702,127.833,11808.14,5.5,156.4
1996-07-01 00:00:00,5.1,6.78,1418,83.4624,166.067,7.59,8.29,8464.2,127218,5.31,194.5,1501,75.8706,701.5,2380.7,120206,7606.475,128.167,11914.063,5.3,157.3
1996-10-01 00:00:00,4.98,6.34,1394,83.4843,167.133,7.23,7.92,8507,127840,5.28,196.02,1417,76.9705,682.9,2392.1,120918,7667.062,128.433,12037.775,5.3,158.667
1997-01-01 00:00:00,5.06,6.56,1421,83.8515,168.1,7.43,8.07,8584.9,128496,5.28,197.63,1433,78.4405,675,2410.1,121673,7747.88,128.5,12115.472,5.2,159.633
1997-04-01 00:00:00,5.05,6.7,1412,83.7821,169.167,7.57,8.19,8658.7,129340,5.52,199.27,1476,79.5891,665.4,2431.7,122555,7782.76,127.2,12317.221,5,160
1997-07-01 00:00:00,5.05,6.24,1461,84.2884,169.9,7.17,7.76,8761.1,129950,5.53,201.99,1458,81.4491,664.9,2457.4,123259,7915.359,127.2,12471.01,4.9,160.8
1997-10-01 00:00:00,5.09,5.91,1475,84.78575,170.867,6.88,7.44,8890.4,130504,5.51,204.61,1532,83.4987,661.6,2482.5,124233,8009.964,127.5,12577.495,4.7,161.667
1998-01-01 00:00:00,5.05,5.59,1602,84.0404,171.9,6.67,7.25,9079.5,130782,5.52,207.69,1559,84.4227,664.4,2522.5,124996,8090.987,125.033,12703.742,4.6,162
1998-04-01 00:00:00,4.98,5.6,1551,82.9737,172.867,6.64,7.25,9206.8,131259,5.5,209.52,1572,84.9798,662.8,2561.2,125789,8233.463,124.933,12821.339,4.4,162.533
1998-07-01 00:00:00,4.82,5.2,1614,82.2173,173.9,6.49,7.13,9298.3,131568,5.53,212.46,1631,85.6496,659.2,2591.3,126501,8340.831,124.3,12982.752,4.5,163.367
1998-10-01 00:00:00,4.25,4.67,1711,82.1899,174.867,6.33,7.25,9367.9,132294,4.86,214.98,1722,86.8785,665.3,2646.3,127255,8461.33,123.467,13191.67,4.4,164.133
1999-01-01 00:00:00,4.41,4.98,1706,82.092,175.633,6.42,7.4,9468.1,132943,4.73,217.23,1709,87.9162,666,2683.4,128017,8548.235,122.6,13315.597,4.3,164.733
1999-04-01 00:00:00,4.45,5.54,1647,81.9329,176.467,6.93,7.74,9474.5,133215,4.75,220.12,1574,88.779,663.8,2702.5,128831,8679.143,124.5,13426.748,4.3,165.967
1999-07-01 00:00:00,4.65,5.88,1635,81.7611,177.4,7.33,8.1,9541.6,133571,5.09,223.25,1651,89.5519,656.9,2722.7,129588,8776.715,126.867,13604.771,4.2,167.2
1999-10-01 00:00:00,5.04,6.14,1668,82.2781,178.4,7.49,8.24,9665.2,134275,5.31,225.54,1655,91.0494,660.2,2739.7,130476,8905.093,127.933,13827.98,4.1,168.433
2000-01-01 00:00:00,5.52,6.48,1690,82.1844,179.567,7.71,8.33,9833.9,136619,5.68,229.85,1659,91.8374,654.2,2755.3,131245,9039.743,129.633,13878.147,4,170.1
2000-04-01 00:00:00,5.71,6.18,1571,82.3337,180.7,7.77,8.59,9950.2,136947,6.27,233.61,1587,92.8783,646.2,2779.9,132017,9124.152,132.033,14130.908,3.9,171.433
2000-07-01 00:00:00,6.02,5.89,1555,81.484,181.9,7.61,8.32,10081.5,136695,6.52,237.86,1504,92.7787,636.5,2787.3,132266,9211.569,133.767,14145.312,4,173
2000-10-01 00:00:00,6.02,5.57,1578,80.5011,183,7.4,8.21,10149,137341,6.47,241.5,1544,92.5344,627.5,2808.8,132541,9292.05,135.533,14229.765,3.9,174.233
2001-01-01 00:00:00,4.82,5.05,1671,78.7803,184.333,7.08,7.88,10229.8,137724,5.59,247.49,1605,91.4405,626.6,2855.8,132747,9325.751,137.767,14183.12,4.2,175.9
2001-04-01 00:00:00,3.66,5.27,1652,77.1047,185.467,7.22,8.04,10222,137088,4.33,251.63,1630,90.341,632.6,2908.6,132389,9344.486,136.233,14271.694,4.4,177.133
2001-07-01 00:00:00,3.17,4.98,1593,75.3994,186.733,7.11,7.95,10455.5,136719,3.5,255.53,1600,89.0839,655.8,2966.5,131985,9377.003,133.367,14214.516,4.8,177.633
2001-10-01 00:00:00,1.91,4.77,1632,74.0767,187.967,6.92,7.92,10282.1,136226,2.13,258.69,1570,88.1359,661,3037,131193,9528.302,129.4,14253.574,5.5,177.5
2002-01-01 00:00:00,1.72,5.08,1714,74.195,189,6.62,7.96,10528.4,136105,1.73,262.39,1723,88.738,669.2,3080,130773,9549.516,128.9,14372.785,5.7,178.067
2002-04-01 00:00:00,1.71,5.1,1714,75.1012,189.967,6.71,8.02,10613,136360,1.75,266.88,1691,90.0914,663,3080.2,130641,9597.82,130.833,14460.848,5.8,179.467
2002-07-01 00:00:00,1.64,4.26,1745,75.4847,190.967,6.35,7.63,10625.9,136807,1.74,272.17,1697,90.6354,661.8,3121.5,130556,9664.988,131.667,14519.633,5.7,180.433
2002-10-01 00:00:00,1.33,4.01,1822,75.5209,191.833,6.28,7.6,10690.9,136652,1.44,276.03,1730,90.6335,667.4,3167,130566,9718.745,133.067,14537.58,5.9,181.5
2003-01-01 00:00:00,1.16,3.92,1806,76.1036,192.467,6,7.12,10693.6,137444,1.25,279.39,1736,91.2283,673.5,3186.5,130416,9766.616,138.033,14614.141,5.9,183.367
2003-04-01 00:00:00,1.04,3.62,1838,75.6479,192.8,5.31,6.47,10815.1,137656,1.25,282.81,1754,90.5838,691.9,3254.4,130185,9878.442,137.167,14743.567,6.1,183.067
2003-07-01 00:00:00,0.93,4.23,1937,76.201,193.567,5.7,6.81,10999.5,137544,1.02,287.17,1890,91.1814,701.5,3295.8,130196,10018.122,138.067,14988.782,6.1,184.433
2003-10-01 00:00:00,0.92,4.29,1972,76.9502,194.067,5.66,6.66,11029.3,138273,1,295.28,2036,92.0372,702.8,3280.4,130503,10087.092,139.233,15162.76,5.8,185.133
2004-01-01 00:00:00,0.92,4.02,1995,77.5055,195,5.46,6.27,11079.3,138489,1,299.93,1918,92.6482,706.3,3278.3,130906,10181.141,142.2,15248.68,5.7,186.7
2004-04-01 00:00:00,1.08,4.6,2080,77.9699,196.233,5.93,6.66,11192.7,138902,1.01,307.26,1937,93.1341,710.1,3321.9,131634,10236.694,146.267,15366.85,5.6,188.167
2004-07-01 00:00:00,1.49,4.3,2070,78.429,197.067,5.64,6.45,11264.9,139539,1.43,318.96,1977,93.6464,714.2,3337.6,131961,10356.936,147.7,15512.619,5.4,189.367
2004-10-01 00:00:00,2.01,4.17,2086,79.4703,198.267,5.49,6.19,11395.9,140029,1.95,325.81,1965,94.9548,716.2,3345.6,132521,10474.084,150.533,15670.88,5.4,191.4
2005-01-01 00:00:00,2.54,4.3,2105,80.4239,199.5,5.32,5.97,11241.4,140428,2.47,333.29,2072,96.3006,712,3347.5,132990,10540.638,152.067,15844.727,5.3,192.367
2005-04-01 00:00:00,2.86,4.16,2138,80.6027,200.433,5.15,5.97,11344.1,141526,2.94,343.98,2051,96.8562,706.5,3348.1,133719,10657.449,154.533,15922.782,5.1,193.667
2005-07-01 00:00:00,3.36,4.21,2160,79.9098,201.1,5.09,5.98,11385.9,142287,3.46,354.39,2079,96.4505,699.5,3345.3,134451,10745.873,158.7,16047.587,5,196.6
2005-10-01 00:00:00,3.83,4.49,2160,80.2659,202.433,5.38,6.34,11488,142600,3.98,362.43,2069,97.3479,693.2,3358.4,134932,10765.68,164.3,16136.734,5,198.433
2006-01-01 00:00:00,4.39,4.57,2157,80.6599,203.7,5.39,6.31,11700.7,143449,4.46,368.16,2079,98.3013,692,3384.7,135733,10883.075,162.767,16353.835,4.7,199.467
2006-04-01 00:00:00,4.7,5.07,1923,80.7278,205.367,5.89,6.74,11744.4,144068,4.91,371.96,1855,98.8828,686.3,3390.6,136265,10939.498,165.4,16396.151,4.6,201.267
2006-07-01 00:00:00,4.91,4.9,1713,80.5892,206.767,5.68,6.59,11761.3,144547,5.25,375.01,1702,99.2836,674.2,3407.9,136682,11009.748,166.7,16420.738,4.6,203.167
2006-10-01 00:00:00,4.9,4.63,1581,80.2484,207.833,5.39,6.28,11904.7,145606,5.25,378.86,1570,99.5135,676.7,3479.2,137051,11114.771,164.133,16561.866,4.4,202.333
2007-01-01 00:00:00,4.98,4.68,1607,80.5201,209.051,5.36,6.3,11995.9,146135,5.26,380.26,1461,100.5215,669.1,3494.7,137605,11183.323,166.7,16611.69,4.5,204.317
2007-04-01 00:00:00,4.74,4.85,1457,81.0006,210.066,5.58,6.49,12055.3,145851,5.25,380.01,1451,101.7178,665.8,3514,137970,11212.669,172.833,16713.314,4.5,206.631
2007-07-01 00:00:00,4.3,4.73,1314,80.8241,211.149,5.75,6.63,12075.6,145944,5.07,375.76,1289,101.8732,661.1,3546.9,138052,11287.468,173.667,16809.587,4.7,207.939
2007-10-01 00:00:00,3.39,4.26,1188,80.9776,212.635,5.53,6.51,12090.3,146271,4.5,374.54,1166,102.1755,653.2,3541.9,138287,11331.949,177.433,16915.191,4.8,210.49
2008-01-01 00:00:00,2.04,3.66,1025,80.7844,214.043,5.46,6.75,12141.6,146207,3.18,371.78,1064,101.8741,649.6,3570.6,138326,11316.411,183.867,16843.003,5,212.77
2008-04-01 00:00:00,1.63,3.89,1061,79.6509,214.973,5.6,6.99,12391.2,145926,2.09,362.39,1011,100.3931,647.9,3585.2,137864,11347.595,196,16943.291,5.3,215.538
2008-07-01 00:00:00,1.49,3.86,859,76.9931,216.357,5.65,7.21,12152.8,145270,1.94,350.98,862,97.1922,653.5,3574.5,137156,11260.136,200.467,16854.295,6,218.861
2008-10-01 00:00:00,0.3,3.25,639,73.4186,216.887,5.82,8.84,12291.7,144090,0.51,347.73,663,93.0097,715.8,3774.1,135560,11158.801,178.033,16485.35,6.9,213.849
2009-01-01 00:00:00,0.21,2.74,565,69.0173,217.797,5.27,8.21,12282,141500,0.18,350.3,540,87.7513,742.2,3923,133297,11130.464,169.533,16298.262,8.3,212.378
2009-04-01 00:00:00,0.17,3.31,565,67.760925,218.907,5.51,7.98,12364.4,140304,0.18,341.13,540,85.2489,763.1,3949.9,131432,11075.748,171.333,16269.145,9.3,213.507
2009-07-01 00:00:00,0.16,3.52,607,68.0415,219.56,5.27,6.66,12214.7,139404,0.16,332.23,588,86.5839,772,3929.8,130460,11150.23,173.867,16326.281,9.6,215.344
2009-10-01 00:00:00,0.06,3.46,623,69.4456,220.683,5.2,6.33,12232.6,138368,0.12,329.69,568,88.0144,776.1,3919.1,129975,11137.946,176.9,16502.754,9.9,217.03
2010-01-01 00:00:00,0.11,3.72,658,71.2369,220.716,5.29,6.29,12306,138590,0.13,325.76,618,89.7711,780,3914.7,129791,11202.495,182.067,16582.71,9.8,217.374
2010-04-01 00:00:00,0.15,3.49,600,73.0323,220.993,5.04,6.18,12510.6,139226,0.19,322.8,602,91.4716,788.6,3956.5,130424,11302.955,184.233,16743.162,9.6,217.297
2010-07-01 00:00:00,0.16,2.79,574,74.3656,221.528,4.58,5.78,12578.5,139338,0.19,325.92,580,92.6588,801.3,3983.8,130390,11383.596,184.633,16872.266,9.5,217.934
2010-10-01 00:00:00,0.14,2.86,583,74.93,222.107,4.86,5.91,12626.1,139155,0.19,323.61,542,93.0466,826.2,4002.6,130733,11453.368,188,16960.864,9.5,219.699
2011-10-01 00:00:00,0.13,3.46,567,75.4472,223.157,5.13,6.09,12753.1,139428,0.16,314.62,582,93.5568,844.6,4013.3,131059,11497.12,195.9,16920.632,9,222.044
2011-01-01 00:00:00,0.05,3.21,612,75.7079,224.2,5.04,5.85,12727.8,139531,0.09,309.06,574,93.945,863.6,4055.9,131744,11508.95,203.7,17035.114,9.1,224.568
2011-04-01 00:00:00,0.02,2.43,626,76.3697,225.733,4.46,5.46,12795.7,139883,0.08,311.36,619,95.0357,921.6,4192.1,132154,11543.975,203.833,17031.313,9,226.033
2011-07-01 00:00:00,0.02,2.05,691,76.8134,226.937,3.93,5.25,12824.4,140699,0.07,312.8,672,96.0208,953.8,4243.6,132710,11563.89,200.767,17222.583,8.6,227.047
2012-10-01 00:00:00,0.07,2.04,752,77.1506,228.13,3.9,5.2,13021.2,141826,0.1,309.52,707,96.9718,972.2,4295.2,133501,11647.297,202.167,17367.01,8.3,228.326
2012-01-01 00:00:00,0.09,1.82,774,77.1976,229.251,3.8,5.09,13108.7,142165,0.15,308.11,739,97.5877,989.8,4353.1,133923,11667.753,201.8,17444.525,8.2,228.808
2012-04-01 00:00:00,0.1,1.64,873,76.7646,230.287,3.46,4.87,13004.8,142542,0.14,312.2,780,97.5683,1027.3,4415.5,134338,11691.414,202.4,17469.65,8,229.841
2012-07-01 00:00:00,0.09,1.71,915,76.7487,231.36,3.54,4.57,13366.8,143365,0.16,314.66,908,98.0357,1059.2,4486.1,134856,11738.007,202.267,17489.852,7.8,231.369
2013-10-01 00:00:00,0.09,1.95,952,76.9889,232.531,3.88,4.81,12837.2,143323,0.14,316.21,953,98.7735,1069.7,4537.2,135497,11814.326,203.6,17662.4,7.7,232.299
2013-01-01 00:00:00,0.05,2,986,77.0659,233.059,3.96,4.84,12934.4,143839,0.12,321.03,868,99.2267,1089.5,4591.2,136083,11848.089,203.967,17709.671,7.5,232.045
2013-04-01 00:00:00,0.03,2.71,988,77.1609,234.305,4.51,5.4,12979.6,144336,0.08,325.58,882,99.6322,1102.6,4630.1,136619,11896.258,204.167,17860.45,7.2,233.3
2013-07-01 00:00:00,0.06,2.75,1026,77.4906,235.346,4.59,5.36,12997.5,144265,0.09,328.17,1009,100.3051,1136.5,4703.6,137243,12001.027,201.9,18016.147,6.9,234.163
2014-10-01 00:00:00,0.05,2.76,1027,77.8305,236.257,4.44,5.12,13149.1,145311,0.07,330.83,934,100.9903,1165.2,4747.7,137753,12044.203,205.5,17953.974,6.7,235.621
2014-01-01 00:00:00,0.03,2.62,1039,78.6885,237.479,4.22,4.82,13314.5,145913,0.09,337.25,987,102.3705,1185.2,4787.1,138553,12159.899,208.2,18185.911,6.2,236.872
2014-04-01 00:00:00,0.03,2.5,1067,78.894,238.462,4.12,4.74,13439.7,146569,0.09,342.11,1031,102.932,1197.7,4835.5,139301,12280.086,207.133,18406.941,6.1,237.478
2014-10-01 00:00:00,0.02,2.28,1075,79.1348,239.411,3.88,4.74,13631.4,147482,0.1,344.87,1049,103.4978,1234.7,4917.3,140084,12421.595,200.433,18500.031,5.7,236.888
2015-01-01 00:00:00,0.03,1.97,1083,78.1385,240.246,3.57,4.5,13819,148106,0.11,348.69,977,102.3385,1279.6,5048.9,140773,12516.902,191.533,18666.621,5.5,235.355
2015-04-01 00:00:00,0.02,2.17,1272,77.0451,241.699,3.9,4.83,13860.6,148715,0.12,354.33,1158,100.9316,1273.2,5058.6,141481,12603.053,193.033,18782.243,5.4,236.96
2015-07-01 00:00:00,0.04,2.22,1150,77.1477,242.899,4.09,5.24,13937.9,148946,0.14,359.34,1167,101.0047,1281.5,5094.6,142130,12691.79,191.633,18857.418,5.1,237.855
2015-10-01 00:00:00,0.12,2.19,1205,76.1438,244.185,3.99,5.42,14016.8,149612,0.16,362.21,1125,99.613,1297.6,5175.8,142821,12743.411,185.567,18892.206,5,237.837
2016-01-01 00:00:00,0.29,1.92,1154,75.6708,245.459,3.93,5.31,14130.6,150937,0.36,365.55,1143,98.9716,1330.4,5298.8,143426,12839.618,182,19001.69,4.9,237.689
2016-04-01 00:00:00,0.26,1.75,1191,75.3767,247.076,3.59,4.67,14102.2,151143,0.37,372.36,1171,98.6479,1358.9,5342.1,143967,12903.306,185.367,19062.709,4.9,239.59
2016-07-01 00:00:00,0.3,1.56,1234,75.4434,248.365,3.34,4.26,14182,151698,0.4,379.02,1159,98.865,1374.4,5396.9,144716,12993.064,187.067,19197.938,4.9,240.607
2016-10-01 00:00:00,0.43,2.13,1244,75.228,249.514,3.81,4.64,14274.2,151968,0.45,381.94,1235,98.7105,1386.7,5446.9,145219,13060.061,187.067,19304.352,4.8,242.135
2017-01-01 00:00:00,0.59,2.44,1270,75.2042,250.803,3.96,4.66,14422.3,152566,0.7,384.62,1217,98.7131,1415.8,5491.9,145815,13160.475,191.267,19398.343,4.6,243.839
2017-04-01 00:00:00,0.89,2.26,1271,76.3943,251.468,3.8,4.5,14579.6,153214,0.95,393.22,1184,100.1701,1446.3,5553.4,146379,13225.743,193.133,19506.949,4.4,244.12
2017-07-01 00:00:00,1.04,2.24,1283,76.3397,252.444,3.65,4.33,14681.5,153786,1.15,399.28,1182,99.8649,1461,5583.4,146900,13315.382,194.033,19660.766,4.3,245.287
2017-10-01 00:00:00,1.21,2.37,1322,77.6209,253.895,3.56,4.27,14772.5,153773,1.2,402.59,1236,101.2518,1468.7,5598.6,147348,13460.902,195.7,19882.352,4.2,247.238
2018-01-01 00:00:00,1.56,2.76,1341,78.2114,255.729,3.75,4.47,14927.5,154945,1.45,408.22,1298,101.7926,1478,5596.8,147998,13558.373,198.833,20044.077,4,249.322
2018-04-01 00:00:00,1.84,2.92,1354,79.1895,257.058,3.94,4.78,15061.4,155575,1.74,415.71,1275,102.9778,1472.9,5620.1,148707,13630.967,202.567,20150.476,3.9,250.679
2018-07-01 00:00:00,2.04,2.93,1307,79.7741,257.986,3.91,4.81,15220.3,155888,1.92,420.8,1249,103.5815,1473,5647.7,149218,13693.79,203.767,20276.154,3.8,251.686
2018-10-01 00:00:00,2.32,3.03,1310,79.7555,259.473,4.13,5.14,15365.3,156643,2.22,422.21,1166,103.5815,1481.4,5662.1,149651,13736.572,202.633,20304.874,3.8,252.711
2019-01-01 00:00:00,2.39,2.65,1278,78.7412,261.173,3.83,4.97,15554.4,156684,2.4,426.96,1179,103.0383,1493.9,5725.6,150141,13758.331,199.7,20431.641,3.9,253.386
2019-04-01 00:00:00,2.3,2.33,1323,77.9784,262.318,3.59,4.6,15542.9,156893,2.4,434.1,1269,102.3678,1502.6,5759.4,150682,13875.705,201.367,20602.275,3.6,255.247
2019-07-01 00:00:00,1.98,1.8,1443,77.6879,263.848,3.1,4.02,15647.7,157899,2.19,439.63,1309,102.2905,1520.1,5845.4,151157,14033.222,199.433,20843.322,3.6,256.089
2019-10-01 00:00:00,1.58,1.79,1500,77.0678,265.513,3.03,3.91,15722.9,158673,1.64,443.54,1409,101.6885,1542,5923.4,151640,14125.274,198.867,20985.448,3.6,257.888
2020-01-01 00:00:00,1.11,1.38,1432,75.6947,267.047,2.91,3.89,15815.1,157525,1.26,448.69,1465,99.9384,1593.8,6047.4,151740,13887.048,196.367,20709.212,3.8,258.818
2020-04-01 00:00:00,0.14,0.8175,1220,67.760925,265.669,2.46,3.91,17391.8,137567,0.07,453.22,1080,87.3719,4910.4,6916.7,133712,12685.319,188.433,19077.992,10.475,256.292
2020-07-01 00:00:00,0.11,0.8175,1572,72.7916,268.248,2.42,3.31,16792.9,146215,0.09,461.22,1465,95.6491,6544.5,7117.3,140615,13813.706,194.267,20558.879,8.8,259.222
2020-10-01 00:00:00,0.09,0.86,1689,74.5059,269.876,2.42,3.3075,16451,149947,0.09,471.32,1567,97.3947,6742.9,7260.5,142580,14001.366,198.433,20791.917,6.8,261.092
2021-01-01 00:00:00,0.05,1.32,1774,75.1199,270.88,2.73,3.47,17398.025,150240,0.08,482.74,1577,97.6276,6970.5,7443.2,143492,14319.617,210.133,21082.134,6.2,263.742
2021-04-01 00:00:00,0.03,1.59,1693,76.7964,275.592,2.88,3.55,17060.4,151437,0.07,509.53,1578,99.2636,7149.2,7585.8,145157,14820.014,223.9,21440.929,5.9,268.55
2021-07-01 00:00:00,0.05,1.32,1678,77.4717,279.114,2.55,3.3075,16865,153305,0.09,537.9,1589,99.7178,7218.5,7625.775,147282,14943.244,233.648,21617.828,5.1,272.83
2021-10-01 00:00:00,0.05,1.54,1797,78.3048,283.418,2.65,3.31,16676.9,155345,0.08,556.24,1669,100.5414,7227.7,7625.775,149206,15086.862,241.697,21988.737,4.2,278.771
2022-01-01 00:00:00,0.31,1.94,1882,78.5636,288.029,3.2,3.95,16180.3,157658,0.12,576.53,1716,100.7942,7227.7,7624.2,150715,15100.85,253.042,21932.71,3.9,284.906
2022-04-01 00:00:00,1.08,2.93,1767,78.8634,292.209,4.04,5.02,16097.1,158110,0.77,613.79,1634,101.2638,7093.6,7447,151968,15224.357,264.005,21967.045,3.6,291.605
2022-07-01 00:00:00,2.66,3.11,1620,78.6243,296.616,4.24,5.35,16353.8,158622,2.19,623.31,1467,101.2037,6917.3,7314,153339,15295.828,264.005,22125.625,3.5,295.453
2022-10-01 00:00:00,4.04,3.83,1468,77.924,300.373,4.81,5.97,16519.1,158786,3.65,616.89,1389,100.6582,6681.5,7163.7,154174,15326.248,262.038,22278.345,3.6,298.542
2023-01-01 00:00:00,4.63,3.65,1503,77.6708,303.971,4.52,5.6,17001.3,160493,4.52,620.53,1379,100.7224,6421.4,7023.6,154992,15495.754,258.653,22439.607,3.5,301.23
2023-04-01 00:00:00,5.07,3.59,1504,77.4281,307.503,4.6,5.68,17182.8,160904,4.99,638.74,1453,100.7671,6118,6854.7,155637,15553.719,254.813,22580.499,3.5,303.398
2023-07-01 00:00:00,5.29,4.15,1540,77.3246,308.0505,4.91,5.97,17269.4,161021.25,5.26,641.4125,1383,100.9224,5968.7,6788.7,155787.75,15583.26575,256.816,22645.6215,3.6,304.04575
2023-10-01 00:00:00,5.28,4.44,1517,76.9417,308.0505,5.21,6.19,17398.025,161021.25,5.33,641.4125,1468,100.6453,5846.3,6733.5,155787.75,15583.26575,252.638,22645.6215,3.8,304.04575