series,transform_code,sw_factor,raw_mean,raw_std,trans_mean,trans_std,raw_missing,trans_missing,status
GDPC1,5,0,11633.503348,5932.015365,0.007404,0.010563,0,1,OK
PCECC96,5,0,7635.985513,4171.950937,0.007881,0.010245,0,1,OK
PCDGx,5,1,619.972524,571.397923,0.012932,0.03025,0,1,OK
PCESVx,5,1,5365.460109,2790.870779,0.007799,0.0105,0,1,OK
PCNDx,5,1,1768.046684,787.009473,0.006154,0.008401,0,1,OK
GPDIC1,5,0,1803.285558,1181.157209,0.009447,0.041131,0,1,OK
FPIx,5,0,1784.496042,1157.182671,0.009435,0.021251,0,1,OK
Y033RC1Q027SBEAx,5,1,493.816718,413.68965,0.012784,0.029774,0,1,OK
PNFIx,5,1,1258.416047,971.117278,0.011541,0.020449,0,1,OK
PRFIx,5,1,581.009354,207.014522,0.003756,0.044172,0,1,OK
A014RE1Q156NBEA,1,1,0.475655,0.587884,0.475655,0.587884,0,0,OK
GCEC1,5,0,2518.95015,823.2103,0.004724,0.009653,0,1,OK
A823RL1Q225SBEA,1,1,1.717978,7.044881,1.717978,7.044881,0,0,OK
FGRECPTx,5,1,2086.273152,1078.807825,0.007824,0.028502,0,1,OK
SLCEx,5,1,1527.407052,569.762254,0.005801,0.008411,0,1,OK
EXPGSC1,5,1,1033.312644,851.967095,0.012804,0.036646,0,1,OK
IMPGSC1,5,1,1302.482978,1122.566781,0.012995,0.035604,0,1,OK
DPIC96,5,0,8539.193895,4550.513792,0.007696,0.013836,0,1,OK
OUTNFB,5,0,56.176586,31.432614,0.008101,0.013716,1,2,OK
OUTBS,5,0,56.188504,31.409501,0.008053,0.013406,1,2,OK
OUTMS,5,0,89.865474,12.99146,0.003202,0.019465,113,114,OK
INDPRO,5,0,68.037624,26.846951,0.005689,0.018606,0,1,OK
IPFINAL,5,0,71.348932,27.247615,0.005491,0.01725,0,1,OK
IPCONGD,5,0,80.034468,23.145471,0.004188,0.015834,0,1,OK
IPMAT,5,0,63.178158,27.661257,0.006218,0.023133,0,1,OK
IPDMAT,5,1,52.821365,33.005872,0.007756,0.035591,0,1,OK
IPNMAT,5,1,85.937462,22.573399,0.004369,0.019354,0,1,OK
IPDCONGD,5,1,68.43928,28.444417,0.005999,0.047124,0,1,OK
IPB51110SQ,5,1,62.403476,27.671831,0.00622,0.083831,0,1,OK
IPNCONGD,5,1,84.79317,20.917694,0.003532,0.009568,0,1,OK
IPBUSEQ,5,1,53.522537,33.525635,0.009202,0.0286,0,1,OK
IPB51220SQ,5,1,70.716401,23.620775,0.005478,0.023086,0,1,OK
TCU,1,1,79.866862,4.199732,79.866862,4.199732,32,32,OK
CUMFNS,1,1,79.286751,4.901485,79.286751,4.901485,0,0,OK
PAYEMS,5,0,107837.667913,31578.740628,0.004162,0.009977,0,1,OK
USPRIV,5,0,90103.048686,27189.512786,0.004189,0.011197,0,1,OK
MANEMP,5,0,15771.156055,2382.483966,-0.000651,0.012215,0,1,OK
SRVPRD,5,0,86023.697877,31748.086646,0.005285,0.009788,0,1,OK
USGOOD,5,0,21813.970038,1877.241063,0.000503,0.012429,0,1,OK
DMANEMP,5,1,9668.541822,1428.632289,-0.000437,0.01517,0,1,OK
NDMANEMP,5,0,6102.614231,988.553559,-0.000975,0.008628,0,1,OK
USCONS,5,1,5300.843945,1559.309814,0.003829,0.016489,0,1,OK
USEHS,5,1,12703.649187,7407.86788,0.008612,0.007726,0,1,OK
USFIRE,5,1,6196.348316,2135.042117,0.005031,0.005469,0,1,OK
USINFO,5,1,2560.931337,489.330012,0.002034,0.013559,0,1,OK
USPBS,5,1,12191.555556,6187.940373,0.006942,0.009459,0,1,OK
USLAH,5,1,9640.975028,4224.361494,0.006153,0.034301,0,1,OK
USSERV,5,1,3868.761548,1658.788314,0.006443,0.015538,0,1,OK
USMINE,5,1,741.970036,138.133267,-0.000992,0.027434,0,1,OK
USTPU,5,1,21126.857676,5654.172684,0.003715,0.008783,0,1,OK
USGOVT,5,0,17734.619226,4492.822351,0.004008,0.006169,0,1,OK
USTRADE,5,1,11976.115606,3501.441772,0.003994,0.010491,0,1,OK
USWTRADE,5,1,4799.845568,1101.737208,0.003279,0.00735,0,1,OK
CES9091000001,5,1,2835.264674,182.533003,0.000839,0.015668,0,1,OK
CES9092000001,5,1,4008.024967,1182.526579,0.004947,0.006702,0,1,OK
CES9093000001,5,1,10891.329586,3240.724974,0.004731,0.00712,0,1,OK
CE16OV,5,0,116009.308366,30248.468335,0.003527,0.010506,0,1,OK
CIVPART,2,0,63.429214,2.678622,0.011654,0.22523,0,1,OK
UNRATE,2,0,5.862169,1.679277,-0.005764,0.711147,0,1,OK
UNRATESTx,2,0,4.759837,1.262354,-0.005541,0.708277,0,1,OK
UNRATELTx,2,0,1.102584,0.81943,-0.0,0.166536,0,1,OK
LNS14000012,2,1,16.723598,3.459386,0.002256,1.441313,0,1,OK
LNS14000025,2,1,5.044694,1.780878,-0.004135,0.653558,0,1,OK
LNS14000026,2,1,5.341323,1.454218,-0.006391,0.756832,0,1,OK
UEMPLT5,5,1,2602.128587,643.154873,0.00159,0.098096,0,1,OK
UEMP5TO14,5,1,2112.716605,862.708603,0.002379,0.148536,0,1,OK
UEMP15T26,5,1,1037.837703,581.210399,0.002788,0.157627,0,1,OK
UEMP27OV,5,1,1464.978776,1318.755734,0.003468,0.131221,0,1,OK
LNS13023621,5,1,3965.136168,2003.224237,0.004565,0.144872,32,33,OK
LNS13023557,5,1,2133.400002,549.020212,0.003322,0.049159,32,33,OK
LNS13023705,5,1,825.024112,137.728456,0.002925,0.061026,32,33,OK
LNS13023569,5,1,761.812766,248.557631,0.003565,0.06557,32,33,OK
LNS12032194,5,1,4565.011233,1765.884202,0.002056,0.074497,0,1,OK
HOABS,5,0,78.720868,17.174158,0.002807,0.012955,1,2,OK
HOAMS,5,0,115.609877,18.026307,-0.002032,0.016157,113,114,OK
HOANBS,5,0,77.795955,18.186316,0.003121,0.013058,1,2,OK
AWHMAN,1,1,40.779651,0.706282,40.779651,0.706282,0,0,OK
AWHNONAG,2,1,34.85857,1.431884,-0.019241,0.101016,20,21,OK
AWOTMAN,2,1,3.738203,0.701335,0.004261,0.174921,0,1,OK
HWIx,1,0,4231.543071,1878.426854,4231.543071,1878.426854,0,0,OK
HOUST,5,0,1431.63171,371.847877,-0.0007,0.084863,0,1,OK
HOUST5F,5,0,366.951313,157.327104,0.000803,0.14444,0,1,OK
PERMIT,5,1,1373.789607,372.607986,0.000966,0.086474,4,5,OK
HOUSTMW,5,1,273.442572,94.96811,-0.002422,0.14748,0,1,OK
HOUSTNE,5,1,169.547441,64.035493,-0.00453,0.15715,0,1,OK
HOUSTS,5,1,643.968166,175.954847,0.001512,0.0899,0,1,OK
HOUSTW,5,1,344.681024,105.300918,-0.00095,0.11564,0,1,OK
CMRMTSPLx,5,0,833095.291238,391300.486642,0.006493,0.015787,0,1,OK
RSAFSx,5,1,224167.66341,192968.024244,0.01396,0.017925,0,1,OK
AMDMNOx,5,1,195915.441891,47438.10218,0.003417,0.04401,0,1,OK
ACOGNOx,5,1,183360.504529,24903.940994,0.002517,0.036485,132,133,OK
AMDMUOx,5,1,741744.174717,269155.902564,0.005347,0.025181,0,1,OK
ANDENOx,5,1,65986.842571,15077.902854,0.002127,0.069654,36,37,OK
INVCQRMTSPL,5,1,1335612.712655,547850.500593,0.006672,0.009177,32,33,OK
PCECTPI,6,0,60.728255,32.903477,1e-05,0.003764,0,2,OK
PCEPILFE,6,0,60.887155,32.579963,7e-06,0.002248,0,2,OK
GDPCTPI,6,0,60.779431,32.819994,2.4e-05,0.002836,0,2,OK
GPDICTPI,6,1,70.379094,29.695672,2.9e-05,0.00492,0,2,OK
IPDBS,6,1,63.763553,31.245866,9e-06,0.00372,1,3,OK
DGDSRG3Q086SBEA,6,0,75.526562,28.80784,1e-05,0.008385,0,2,OK
DDURRG3Q086SBEA,6,0,109.933566,29.433282,-1e-05,0.004965,0,2,OK
DSERRG3Q086SBEA,6,0,54.750929,35.132282,2e-06,0.002497,0,2,OK
DNDGRG3Q086SBEA,6,0,63.860738,31.561037,1.9e-05,0.012129,0,2,OK
DHCERG3Q086SBEA,6,0,54.079228,35.384836,5e-06,0.002603,0,2,OK
DMOTRG3Q086SBEA,6,1,75.074273,29.955081,-9e-06,0.009732,0,2,OK
DFDHRG3Q086SBEA,6,1,104.542322,27.731079,2.8e-05,0.006342,0,2,OK
DREQRG3Q086SBEA,6,1,296.383599,137.688053,-4.2e-05,0.00598,0,2,OK
DODGRG3Q086SBEA,6,1,83.019255,30.829527,5.2e-05,0.008442,0,2,OK
DFXARG3Q086SBEA,6,1,61.194816,32.855211,4.4e-05,0.00899,0,2,OK
DCLORG3Q086SBEA,6,1,91.698993,19.387695,9e-06,0.009615,0,2,OK
DGOERG3Q086SBEA,6,1,59.507337,44.903839,-1.3e-05,0.084316,0,2,OK
DONGRG3Q086SBEA,6,1,60.09582,32.16819,-9e-06,0.00467,0,2,OK
DHUTRG3Q086SBEA,6,1,54.232712,35.582718,4e-06,0.002793,0,2,OK
DHLCRG3Q086SBEA,6,1,52.253262,37.351719,-1.6e-05,0.003785,0,2,OK
DTRSRG3Q086SBEA,6,1,59.143011,34.549195,1.2e-05,0.00915,0,2,OK
DRCARG3Q086SBEA,6,1,55.892393,33.770703,-6e-05,0.004389,0,2,OK
DFSARG3Q086SBEA,6,1,54.411386,35.526719,-2.7e-05,0.003869,0,2,OK
DIFSRG3Q086SBEA,6,1,53.434663,34.420868,9.2e-05,0.018156,0,2,OK
DOTSRG3Q086SBEA,6,1,54.824067,34.359977,7e-06,0.004478,0,2,OK
CPIAUCSL,6,0,140.944479,85.496513,2.3e-05,0.005329,0,2,OK
CPILFESL,6,0,144.749636,87.258172,1e-05,0.003439,0,2,OK
WPSFD49207,6,0,121.43361,65.57818,4.1e-05,0.011685,0,2,OK
PPIACO,6,0,120.476932,66.819818,3.7e-05,0.019573,0,2,OK
WPSFD49502,6,1,124.82632,70.696661,5.5e-05,0.015217,0,2,OK
WPSFD4111,6,1,126.196292,67.242597,0.000104,0.019477,0,2,OK
PPIIDC,6,1,120.163324,67.857717,3.3e-05,0.020235,0,2,OK
WPSID61,6,1,119.187674,66.930999,2.4e-05,0.016493,0,2,OK
WPU0531,5,1,148.280841,89.679743,0.002027,0.159923,32,33,OK
WPU0561,5,1,136.170183,70.424734,0.00187,0.13974,0,1,OK
OILPRICEx,5,0,46.951633,27.659563,0.003723,0.135291,0,1,OK
AHETPIx,5,0,18.965314,2.501366,0.00206,0.00443,20,21,OK
CES2000000008x,5,0,23.608806,2.979822,0.002353,0.006058,0,1,OK
CES3000000008x,5,0,18.476735,2.358472,0.002078,0.004477,0,1,OK
COMPRMS,5,1,92.41939,8.131894,0.001516,0.014178,113,114,OK
COMPRNFB,5,1,79.701944,16.596794,0.003014,0.00912,1,2,OK
RCPHBS,5,1,79.29618,17.126207,0.003177,0.009234,1,2,OK
OPHMFG,5,1,80.810364,20.94332,0.005234,0.009931,113,114,OK
OPHNFB,5,1,66.843346,24.703876,0.00498,0.008298,1,2,OK
OPHPBS,5,0,66.223504,25.335078,0.005246,0.008292,1,2,OK
ULCBS,5,0,67.021699,30.42937,0.00667,0.011243,1,2,OK
ULCMFG,5,1,95.065571,12.553766,0.00291,0.016129,113,114,OK
ULCNFB,5,1,66.733368,30.639068,0.006773,0.011386,1,2,OK
UNLPNBS,5,1,59.114071,32.834858,0.008177,0.017226,1,2,OK
FEDFUNDS,2,1,4.771574,3.583005,0.006479,0.858988,0,1,OK
TB3MS,2,1,4.360938,3.094223,0.004975,0.693352,0,1,OK
TB6MS,2,0,4.492648,3.085766,0.003095,0.669275,0,1,OK
GS1,2,0,4.835019,3.294947,0.001404,0.699014,0,1,OK
GS10,2,0,5.752858,2.897029,0.001003,0.45773,0,1,OK
MORTGAGE30US,2,0,7.704083,3.199657,-0.004009,0.477752,49,50,OK
AAA,2,0,6.750225,2.673652,0.004536,0.366998,0,1,OK
BAA,2,0,7.744346,2.902235,0.004161,0.40057,0,1,OK
BAA10YM,1,1,1.99151,0.777103,1.99151,0.777103,0,0,OK
MORTG10YRx,1,1,1.757798,0.498174,1.757798,0.498174,49,49,OK
TB6M3Mx,1,1,0.131948,0.177241,0.131948,0.177241,0,0,OK
GS1TB3Mx,1,1,0.473895,0.410375,0.473895,0.410375,0,0,OK
GS10TB3Mx,1,1,1.391948,1.218401,1.391948,1.218401,0,0,OK
CPF3MTB3Mx,1,1,0.528614,0.459425,0.528614,0.459425,0,0,OK
BOGMBASEREALx,5,0,567.253715,590.197333,0.008696,0.045797,0,1,OK
M1REAL,5,0,1161.491759,1585.390368,0.009383,0.072951,0,1,OK
M2REAL,5,0,3027.621973,1706.791343,0.007256,0.013794,0,1,OK
BUSLOANSx,5,1,1129.412019,611.192765,0.0084,0.024558,0,1,OK
CONSUMERx,5,1,717.155619,415.70203,0.008905,0.025149,0,1,OK
NONREVSLx,5,1,1337940.084152,849628.907382,0.008381,0.014389,0,1,OK
REALLNx,5,1,1931.585339,1597.126248,0.012474,0.014482,0,1,OK
REVOLSLx,5,1,588791.918226,401524.985308,0.021472,0.053482,36,37,OK
TOTALSLx,5,0,1847344.327796,1234411.327576,0.009506,0.012933,0,1,OK
DRIWCIL,1,1,8.995977,13.960839,8.995977,13.960839,93,93,OK
TABSHNOx,5,0,59419.328271,40604.451131,0.009194,0.01629,1,2,OK
TLBSHNOx,5,1,8159.209853,5685.293618,0.009923,0.012356,1,2,OK
LIABPIx,5,0,85.919624,23.269199,0.002198,0.018324,1,2,OK
TNWBSHNOx,5,1,51260.118684,35204.829144,0.009116,0.018387,1,2,OK
NWPIx,1,0,562.01386,87.457673,562.01386,87.457673,1,1,OK
TARESAx,5,1,43206.675002,29670.358671,0.009003,0.020688,1,2,OK
HNOREMQ027Sx,5,1,16212653.250414,11156577.438777,0.009764,0.01555,1,2,OK
TFAABSHNOx,5,1,39461.930038,27919.128202,0.009189,0.022696,1,2,OK
VIXCLSx,1,1,19.284289,6.481783,19.284289,6.481783,14,14,OK
USSTHPI,5,1,337.526453,87.697879,0.00442,0.013018,64,65,OK
SPCS10RSA,5,1,183.439613,55.616311,0.005492,0.020662,112,113,OK
SPCS20RSA,5,1,200.867767,39.543985,0.006542,0.022256,164,165,OK
TWEXAFEGSMTHx,5,1,111.702374,15.440965,-0.000481,0.030365,56,57,OK
EXUSEU,5,1,1.182562,0.152931,0.000378,0.0386,160,161,OK
EXSZUSx,5,1,2.066891,1.245545,-0.006335,0.042489,0,1,OK
EXJPUSx,5,1,193.169012,100.797059,-0.003352,0.043206,0,1,OK
EXUSUKx,5,1,1.86085,0.498107,-0.00276,0.040005,0,1,OK
EXCAUSx,5,1,1.200528,0.162211,0.001316,0.023835,0,1,OK
UMCSENTx,1,1,85.447547,12.75565,85.447547,12.75565,2,2,OK
USEPUINDXM,2,1,118.318259,42.673859,0.810053,26.337016,104,105,OK
B020RE1Q156NBEA,2,0,9.037079,2.630134,0.024436,0.299504,0,1,OK
B021RE1Q156NBEA,2,0,10.831835,4.125566,0.034211,0.411526,0,1,OK
GFDEGDQ188S,2,0,63.486708,28.879774,0.330978,2.073105,29,30,OK
GFDEBTNx,2,0,9445610.332773,7980726.972334,112776.159916,268407.48748,29,30,OK
IPMANSICS,5,0,67.89322,27.98554,0.00572,0.020801,0,1,OK
IPB51222S,5,0,74.677963,27.013036,0.006309,0.034048,0,1,OK
IPFUELS,5,0,68.283975,17.924709,0.003427,0.027458,0,1,OK
UEMPMEAN,2,0,17.534709,7.257274,0.03208,1.265847,0,1,OK
CES0600000007,2,0,40.302495,0.613967,0.003258,0.242533,0,1,OK
TOTRESNS,6,0,630.46242,1106.683201,-0.000102,0.178995,0,2,OK
NONBORRES,7,0,611.251933,1091.091087,0.012506,0.338629,0,1,OK
GS5,2,0,5.443083,3.07675,-0.000702,0.534984,0,1,OK
TB3SMFFM,1,0,-0.410299,0.650955,-0.410299,0.650955,0,0,OK
T5YFFM,1,0,0.67181,1.28288,0.67181,1.28288,0,0,OK
AAAFFM,1,0,1.978975,1.85638,1.978975,1.85638,0,0,OK
WPSID62,6,0,121.917248,75.353811,4.8e-05,0.064424,0,2,OK
PPICMM,6,0,129.800379,74.529069,0.000516,0.060922,0,2,OK
CPIAPPSL,6,0,101.795369,31.088385,1.6e-05,0.008689,0,2,OK
CPITRNSL,6,0,126.122716,72.154326,-1e-05,0.024689,0,2,OK
CPIMEDSL,6,0,220.698724,176.848454,3e-06,0.004031,0,2,OK
CUSR0000SAC,6,0,119.352885,59.345271,2.4e-05,0.010451,0,2,OK
CUSR0000SAD,6,0,92.774518,32.621124,1e-05,0.007642,0,2,OK
CUSR0000SAS,6,0,162.000576,112.571316,-0.0,0.004177,0,2,OK
CPIULFSL,6,0,140.675671,85.218284,3e-06,0.006049,0,2,OK
CUSR0000SA0L2,6,0,135.209421,77.603132,2.5e-05,0.00716,0,2,OK
CUSR0000SA0L5,6,0,136.974149,81.110793,2.4e-05,0.005722,0,2,OK
CES0600000008,6,0,12.964933,8.212207,-1.2e-05,0.004216,0,2,OK
DTCOLNVHFNM,6,0,144087.341509,147606.859473,-0.000205,0.039603,0,2,OK
DTCTHFNM,6,0,361614.381936,342987.758852,-0.000119,0.026461,0,2,OK
INVEST,6,0,1385.672199,1546.824231,0.00019,0.019126,0,2,OK
HWIURATIOx,2,0,0.657166,0.339461,0.002367,0.086474,0,1,OK
CLAIMSx,5,0,352192.640449,185785.144377,-0.000736,0.150074,0,1,OK
BUSINVx,5,0,945846.500551,714850.316444,0.012978,0.014504,0,1,OK
ISRATIOx,2,0,1.469016,0.119887,-0.00065,0.029595,0,1,OK
CONSPIx,2,0,135.551423,18.540824,0.066735,2.293649,0,1,OK
CP3M,2,0,4.889401,3.37974,0.003383,0.81419,0,1,OK
COMPAPFF,1,0,0.118127,0.388158,0.118127,0.388158,0,0,OK
PERMITNE,5,0,171.020278,60.821912,-0.002126,0.14418,4,5,OK
PERMITMW,5,0,256.772497,83.612197,-0.000364,0.111005,4,5,OK
PERMITS,5,0,595.199624,198.488228,0.003306,0.08578,4,5,OK
PERMITW,5,0,350.79848,109.820513,-4.8e-05,0.112001,4,5,OK
NIKKEI225,5,0,13102.015072,9703.295561,0.01536,0.080183,0,1,OK
NASDAQCOM,5,0,3031.159378,4381.78166,0.024484,0.091056,48,49,OK
CUSR0000SEHC,6,0,229.966904,83.379408,-2.6e-05,0.002189,96,98,OK
TLBSNNCBx,5,0,10.219586,6.727329,0.008782,0.02002,1,2,OK
TLBSNNCBBDIx,1,0,0.011344,0.002797,0.011344,0.002797,1,1,OK
TTAABSNNCBx,5,0,11.956617,6.723618,0.007684,0.014002,1,2,OK
TNWMVBSNNCBx,5,0,11051.384248,7585.072529,0.010486,0.03208,1,2,OK
TNWMVBSNNCBBDIx,2,0,1121.024511,204.765994,-0.80317,98.598384,1,2,OK
TLBSNNBx,5,0,3427984.513008,2920809.726173,0.012884,0.012789,1,2,OK
TLBSNNBBDIx,1,0,310739.670451,65435.663831,310739.670451,65435.663831,1,1,OK
TABSNNBx,5,0,9396476.189023,6093621.131294,0.008383,0.011379,1,2,OK
TNWBSNNBx,5,0,5953.582256,3188.269051,0.00664,0.016515,1,2,OK
TNWBSNNBBDIx,2,0,754.050338,293.389087,-4.400151,53.446031,1,2,OK
CNCFx,5,0,1001.708637,707.387368,0.011138,0.069256,1,2,OK
S&P 500,5,1,1013.463121,1312.484926,0.017865,0.060018,0,1,OK
S&P div yield,2,0,2.81114,1.140158,-0.007374,0.202169,0,1,OK
S&P PE ratio,5,0,19.589303,8.321193,0.001757,0.099355,0,1,OK
